{"cameraMode":{"drawMode":0,"name":"Shaded","section":"Shading Mode"},"sceneLighting":true,"audioPlay":false,"sceneViewState":{"m_AlwaysRefresh":false,"showFog":true,"showSkybox":true,"showFlares":true,"showImageEffects":true,"showParticleSystems":true,"showVisualEffectGraphs":true,"m_FxEnabled":true},"in2DMode":false,"pivot":{"x":7.011892318725586,"y":-4.808841228485107,"z":-11.571417808532715},"rotation":{"x":0.005478982347995043,"y":0.9858242869377136,"z":-0.16446682810783387,"w":0.03284206613898277},"size":14.161748886108399,"orthographic":false}